<!--
             LUFA Library
     Copyright (C) Dean Camera, 2019.

  dean [at] fourwalledcubicle [dot] com
           www.lufa-lib.org
-->

<!-- Atmel Studio framework integration file -->

<lufa>
	<asf>
		<select-by-config id="lufa.drivers.usb.class.midi" name="lufa.drivers.usb.class.midi.mode" default="host_device" caption="LUFA USB Class Driver - MIDI">
			<build type="doxygen-entry-point" value="Group_USBClassMIDI"/>

			<info type="gui-flag" value="hidden"/>

			<module type="service" id="lufa.drivers.usb.class.midi#host_device" caption="LUFA USB Class Driver - MIDI (Host/Device)">
				<info type="description" value="summary">
					Common definitions and Host/Device mode implementations of the MIDI USB class.
				</info>

				<build type="doxygen-entry-point" value="Group_USBClassMIDI"/>

				<info type="gui-flag" value="hidden"/>

				<device-support-alias value="lufa_avr8"/>
				<device-support-alias value="lufa_xmega"/>
				<device-support-alias value="lufa_uc3"/>

				<build type="header-file" value="Drivers/USB/Class/MIDIClass.h"/>
				<build type="header-file" value="Drivers/USB/Class/Common/MIDIClassCommon.h"/>
				<build type="header-file" value="Drivers/USB/Class/Device/MIDIClassDevice.h"/>
				<build type="c-source"    value="Drivers/USB/Class/Device/MIDIClassDevice.c"/>
				<build type="header-file" value="Drivers/USB/Class/Host/MIDIClassHost.h"/>
				<build type="c-source"    value="Drivers/USB/Class/Host/MIDIClassHost.c"/>
			</module>

			<module type="service" id="lufa.drivers.usb.class.midi#host" caption="LUFA USB Class Driver - MIDI (Host)">
				<info type="description" value="summary">
					Common definitions and Host mode implementation of the MIDI USB class.
				</info>

				<build type="doxygen-entry-point" value="Group_USBClassMIDI"/>

				<info type="gui-flag" value="hidden"/>

				<device-support-alias value="lufa_avr8"/>
				<device-support-alias value="lufa_xmega"/>
				<device-support-alias value="lufa_uc3"/>

				<build type="header-file" value="Drivers/USB/Class/MIDIClass.h"/>
				<build type="header-file" value="Drivers/USB/Class/Common/MIDIClassCommon.h"/>
				<build type="header-file" value="Drivers/USB/Class/Device/MIDIClassDevice.h"/>
				<build type="header-file" value="Drivers/USB/Class/Host/MIDIClassHost.h"/>
				<build type="c-source"    value="Drivers/USB/Class/Host/MIDIClassHost.c"/>
			</module>

			<module type="service" id="lufa.drivers.usb.class.midi#device" caption="LUFA USB Class Driver - MIDI (Device)">
				<info type="description" value="summary">
					Common definitions and Device mode implementation of the MIDI USB class.
				</info>

				<build type="doxygen-entry-point" value="Group_USBClassMIDI"/>

				<info type="gui-flag" value="hidden"/>

				<device-support-alias value="lufa_avr8"/>
				<device-support-alias value="lufa_xmega"/>
				<device-support-alias value="lufa_uc3"/>

				<build type="header-file" value="Drivers/USB/Class/MIDIClass.h"/>
				<build type="header-file" value="Drivers/USB/Class/Common/MIDIClassCommon.h"/>
				<build type="header-file" value="Drivers/USB/Class/Device/MIDIClassDevice.h"/>
				<build type="c-source"    value="Drivers/USB/Class/Device/MIDIClassDevice.c"/>
				<build type="header-file" value="Drivers/USB/Class/Host/MIDIClassHost.h"/>
			</module>

			<module type="service" id="lufa.drivers.usb.class.midi#definitions_only" caption="LUFA USB Class Driver - MIDI (Definitions Only)">
				<info type="description" value="summary">
					Common definitions only (no implementations) of the MIDI USB class.
				</info>

				<build type="doxygen-entry-point" value="Group_USBClassMIDI"/>

				<info type="gui-flag" value="hidden"/>

				<device-support-alias value="lufa_avr8"/>
				<device-support-alias value="lufa_xmega"/>
				<device-support-alias value="lufa_uc3"/>

				<build type="header-file" value="Drivers/USB/Class/MIDIClass.h"/>
				<build type="header-file" value="Drivers/USB/Class/Common/MIDIClassCommon.h"/>
				<build type="header-file" value="Drivers/USB/Class/Device/MIDIClassDevice.h"/>
				<build type="header-file" value="Drivers/USB/Class/Host/MIDIClassHost.h"/>
			</module>
		</select-by-config>
	</asf>
</lufa>
