<!--
             LUFA Library
     Copyright (C) Dean Camera, 2019.

  dean [at] fourwalledcubicle [dot] com
           www.lufa-lib.org
-->

<!-- Atmel Studio framework integration file -->

<lufa>
	<asf>
		<module type="driver" id="lufa.drivers.usb.core.avr8" caption="LUFA USB Core Driver for AVR8">
			<device-support-alias value="lufa_avr8"/>

			<info type="gui-flag" value="hidden"/>

			<build type="doxygen-entry-point" value="Group_USBManagement_AVR8"/>

			<build type="c-source"    value="Drivers/USB/Core/AVR8/Template/Template_Endpoint_Control_R.c"/>
			<build type="c-source"    value="Drivers/USB/Core/AVR8/Template/Template_Endpoint_Control_W.c"/>
			<build type="c-source"    value="Drivers/USB/Core/AVR8/Template/Template_Endpoint_RW.c"/>
			<build type="c-source"    value="Drivers/USB/Core/AVR8/Template/Template_Pipe_RW.c"/>
			<build type="c-source"    value="Drivers/USB/Core/AVR8/Device_AVR8.c"/>
			<build type="header-file" value="Drivers/USB/Core/AVR8/Device_AVR8.h"/>
			<build type="c-source"    value="Drivers/USB/Core/AVR8/Endpoint_AVR8.c"/>
			<build type="header-file" value="Drivers/USB/Core/AVR8/Endpoint_AVR8.h"/>
			<build type="c-source"    value="Drivers/USB/Core/AVR8/Host_AVR8.c"/>
			<build type="header-file" value="Drivers/USB/Core/AVR8/Host_AVR8.h"/>
			<build type="c-source"    value="Drivers/USB/Core/AVR8/Pipe_AVR8.c"/>
			<build type="header-file" value="Drivers/USB/Core/AVR8/Pipe_AVR8.h"/>
			<build type="header-file" value="Drivers/USB/Core/AVR8/OTG_AVR8.h"/>
			<build type="c-source"    value="Drivers/USB/Core/AVR8/USBController_AVR8.c"/>
			<build type="header-file" value="Drivers/USB/Core/AVR8/USBController_AVR8.h"/>
			<build type="c-source"    value="Drivers/USB/Core/AVR8/USBInterrupt_AVR8.c"/>
			<build type="header-file" value="Drivers/USB/Core/AVR8/USBInterrupt_AVR8.h"/>
			<build type="c-source"    value="Drivers/USB/Core/AVR8/EndpointStream_AVR8.c"/>
			<build type="header-file" value="Drivers/USB/Core/AVR8/EndpointStream_AVR8.h"/>
			<build type="c-source"    value="Drivers/USB/Core/AVR8/PipeStream_AVR8.c"/>
			<build type="header-file" value="Drivers/USB/Core/AVR8/PipeStream_AVR8.h"/>
		</module>
	</asf>
</lufa>
