<!--
             LUFA Library
     Copyright (C) Dean Camera, 2019.

  dean [at] fourwalledcubicle [dot] com
           www.lufa-lib.org
-->

<!-- Atmel Studio framework integration file -->

<!--
             LUFA Library
     Copyright (C) Dean Camera, 2019.

  dean [at] fourwalledcubicle [dot] com
           www.lufa-lib.org
-->

<!-- Atmel Studio framework integration file -->

<lufa>
	<asf>
		<select-by-config id="lufa.drivers.usb.class.audio" name="lufa.drivers.usb.class.audio.mode" default="host_device" caption="LUFA USB Class Driver - Audio 1.0">
			<build type="doxygen-entry-point" value="Group_USBClassAudio"/>

			<info type="gui-flag" value="hidden"/>

			<module type="service" id="lufa.drivers.usb.class.audio#host_device" caption="LUFA USB Class Driver - Audio 1.0 (Host/Device)">
				<info type="description" value="summary">
					Common definitions and Host/Device mode implementations of the Audio 1.0 USB class.
				</info>

				<info type="gui-flag" value="hidden"/>

				<build type="doxygen-entry-point" value="Group_USBClassAudio"/>

				<device-support-alias value="lufa_avr8"/>
				<device-support-alias value="lufa_xmega"/>
				<device-support-alias value="lufa_uc3"/>

				<build type="header-file" value="Drivers/USB/Class/AudioClass.h"/>
				<build type="header-file" value="Drivers/USB/Class/Common/AudioClassCommon.h"/>
				<build type="header-file" value="Drivers/USB/Class/Device/AudioClassDevice.h"/>
				<build type="c-source"    value="Drivers/USB/Class/Device/AudioClassDevice.c"/>
				<build type="header-file" value="Drivers/USB/Class/Host/AudioClassHost.h"/>
				<build type="c-source"    value="Drivers/USB/Class/Host/AudioClassHost.c"/>
			</module>

			<module type="service" id="lufa.drivers.usb.class.audio#host" caption="LUFA USB Class Driver - Audio 1.0 (Host)">
				<info type="description" value="summary">
					Common definitions and Host mode implementation of the Audio 1.0 USB class.
				</info>

				<build type="doxygen-entry-point" value="Group_USBClassAudio"/>

				<info type="gui-flag" value="hidden"/>

				<device-support-alias value="lufa_avr8"/>
				<device-support-alias value="lufa_xmega"/>
				<device-support-alias value="lufa_uc3"/>

				<build type="header-file" value="Drivers/USB/Class/AudioClass.h"/>
				<build type="header-file" value="Drivers/USB/Class/Common/AudioClassCommon.h"/>
				<build type="header-file" value="Drivers/USB/Class/Device/AudioClassDevice.h"/>
				<build type="header-file" value="Drivers/USB/Class/Host/AudioClassHost.h"/>
				<build type="c-source"    value="Drivers/USB/Class/Host/AudioClassHost.c"/>
			</module>

			<module type="service" id="lufa.drivers.usb.class.audio#device" caption="LUFA USB Class Driver - Audio 1.0 (Device)">
				<info type="description" value="summary">
					Common definitions and Device mode implementation of the Audio 1.0 USB class.
				</info>

				<build type="doxygen-entry-point" value="Group_USBClassAudio"/>

				<info type="gui-flag" value="hidden"/>

				<device-support-alias value="lufa_avr8"/>
				<device-support-alias value="lufa_xmega"/>
				<device-support-alias value="lufa_uc3"/>

				<build type="header-file" value="Drivers/USB/Class/AudioClass.h"/>
				<build type="header-file" value="Drivers/USB/Class/Common/AudioClassCommon.h"/>
				<build type="header-file" value="Drivers/USB/Class/Device/AudioClassDevice.h"/>
				<build type="c-source"    value="Drivers/USB/Class/Device/AudioClassDevice.c"/>
				<build type="header-file" value="Drivers/USB/Class/Host/AudioClassHost.h"/>
			</module>

			<module type="service" id="lufa.drivers.usb.class.audio#definitions_only" caption="LUFA USB Class Driver - Audio 1.0 (Definitions Only)">
				<info type="description" value="summary">
					Common definitions only (no implementations) of the Audio 1.0 USB class.
				</info>

				<build type="doxygen-entry-point" value="Group_USBClassAudio"/>

				<info type="gui-flag" value="hidden"/>

				<device-support-alias value="lufa_avr8"/>
				<device-support-alias value="lufa_xmega"/>
				<device-support-alias value="lufa_uc3"/>

				<build type="header-file" value="Drivers/USB/Class/AudioClass.h"/>
				<build type="header-file" value="Drivers/USB/Class/Common/AudioClassCommon.h"/>
				<build type="header-file" value="Drivers/USB/Class/Device/AudioClassDevice.h"/>
				<build type="header-file" value="Drivers/USB/Class/Host/AudioClassHost.h"/>
			</module>
		</select-by-config>
	</asf>
</lufa>
