<!--
             LUFA Library
     Copyright (C) Dean Camera, 2019.

  dean [at] fourwalledcubicle [dot] com
           www.lufa-lib.org
-->

<!-- Atmel Studio framework integration file -->

<lufa>
	<asf>
		<board id="lufa.boards.dummy.avr8" vendor="LUFA" caption="AVR8 Architecture">
			<device-support value="mega"/>

			<require idref="lufa.drivers.board"/>
			<require idref="lufa.drivers.board.info"/>
		</board>

		<board id="lufa.boards.dummy.xmega" vendor="LUFA" caption="XMEGA Architecture">
			<device-support value="xmega"/>

			<require idref="lufa.drivers.board"/>
			<require idref="lufa.drivers.board.info"/>
		</board>

		<board id="lufa.boards.dummy.uc3" vendor="LUFA" caption="UC3 Architecture">
			<device-support value="uc3"/>

			<require idref="lufa.drivers.board"/>
			<require idref="lufa.drivers.board.info"/>
		</board>

		<module type="driver" id="lufa.drivers.board.info" caption="LUFA Board Hardware Information Driver">
			<device-support-alias value="lufa_avr8"/>
			<device-support-alias value="lufa_xmega"/>
			<device-support-alias value="lufa_uc3"/>

			<build type="doxygen-entry-point" value="Group_BoardInfo"/>

			<require idref="lufa.common"/>

			<build type="include-path" value=".."/>
			<build type="header-file"  subtype="api" value="Drivers/Board/Board.h"/>
		</module>

		<module type="driver" id="lufa.drivers.board.leds" caption="LUFA Board LED Driver">
			<device-support-alias value="lufa_avr8"/>
			<device-support-alias value="lufa_xmega"/>
			<device-support-alias value="lufa_uc3"/>

			<build type="doxygen-entry-point" value="Group_LEDs"/>

			<require idref="lufa.common"/>

			<build type="include-path" value=".."/>
			<build type="header-file"  subtype="api" value="Drivers/Board/LEDs.h"/>
		</module>

		<module type="driver" id="lufa.drivers.board.buttons" caption="LUFA Board Buttons Driver">
			<device-support-alias value="lufa_avr8"/>
			<device-support-alias value="lufa_xmega"/>
			<device-support-alias value="lufa_uc3"/>

			<build type="doxygen-entry-point" value="Group_Buttons"/>

			<require idref="lufa.common"/>

			<build type="include-path" value=".."/>
			<build type="header-file"  subtype="api" value="Drivers/Board/Buttons.h"/>
		</module>

		<module type="driver" id="lufa.drivers.board.dataflash" caption="LUFA Board Dataflash Driver">
			<device-support-alias value="lufa_avr8"/>
			<device-support-alias value="lufa_xmega"/>
			<device-support-alias value="lufa_uc3"/>

			<build type="doxygen-entry-point" value="Group_Dataflash"/>

			<require idref="lufa.common"/>

			<build type="include-path" value=".."/>
			<build type="header-file"  subtype="api" value="Drivers/Board/Dataflash.h"/>
		</module>

		<module type="driver" id="lufa.drivers.board.joystick" caption="LUFA Board Joystick Driver">
			<device-support-alias value="lufa_avr8"/>
			<device-support-alias value="lufa_xmega"/>
			<device-support-alias value="lufa_uc3"/>

			<build type="doxygen-entry-point" value="Group_Joystick"/>

			<require idref="lufa.common"/>

			<build type="include-path" value=".."/>
			<build type="header-file"  subtype="api" value="Drivers/Board/Joystick.h"/>
		</module>

		<module type="driver" id="lufa.drivers.board.temperature" caption="LUFA Board Temperature Sensor Driver">
			<device-support-alias value="lufa_avr8"/>
			<device-support-alias value="lufa_xmega"/>
			<device-support-alias value="lufa_uc3"/>

			<build type="doxygen-entry-point" value="Group_Temperature"/>

			<require idref="lufa.common"/>
			<require idref="lufa.drivers.peripheral.adc"/>

			<build type="c-source"     value="Drivers/Board/Temperature.c"/>
			<build type="include-path" value=".."/>
			<build type="header-file"  subtype="api" value="Drivers/Board/Temperature.h"/>
		</module>
	</asf>
</lufa>
