<!--
             LUFA Library
     Copyright (C) Dean Camera, 2019.

  dean [at] fourwalledcubicle [dot] com
           www.lufa-lib.org
-->

<!-- Atmel Studio framework integration file -->

<lufa>
	<asf>
		<select-by-device id="lufa.drivers.peripheral.usart" caption="LUFA USART Driver">
			<module type="driver" id="lufa.drivers.peripheral.usart#avr8" caption="LUFA USART Driver - AVR8">
				<device-support-alias value="lufa_avr8"/>

				<build type="doxygen-entry-point" value="Group_Serial"/>

				<require idref="lufa.common"/>
				<require idref="lufa.drivers.misc.ansi"/>

				<build type="c-source" value="Drivers/Peripheral/AVR8/Serial_AVR8.c"/>
				<build type="header-file" value="Drivers/Peripheral/AVR8/Serial_AVR8.h"/>
				<build type="include-path" value=".."/>
				<build type="header-file" subtype="api" value="Drivers/Peripheral/Serial.h"/>
			</module>

			<module type="driver" id="lufa.drivers.peripheral.usart#xmega" caption="LUFA USART Driver - AVR8">
				<device-support-alias value="lufa_xmega"/>

				<build type="doxygen-entry-point" value="Group_Serial"/>

				<require idref="lufa.common"/>
				<require idref="lufa.drivers.misc.ansi"/>

				<build type="c-source" value="Drivers/Peripheral/XMEGA/Serial_XMEGA.c"/>
				<build type="header-file" value="Drivers/Peripheral/XMEGA/Serial_XMEGA.h"/>
				<build type="include-path" value=".."/>
				<build type="header-file" subtype="api" value="Drivers/Peripheral/Serial.h"/>
			</module>

			<module type="driver" id="lufa.drivers.peripheral.usart#uc3" caption="LUFA USART Driver - UC3">
				<device-support-alias value="lufa_uc3"/>

				<build type="doxygen-entry-point" value="Group_Serial"/>

				<require idref="lufa.common"/>
				<require idref="lufa.drivers.misc.ansi"/>

				<info type="gui-flag" value="hidden"/>
			</module>
		</select-by-device>

		<select-by-device id="lufa.drivers.peripheral.spi" caption="LUFA SPI Driver">
			<module type="driver" id="lufa.drivers.peripheral.spi#avr8" caption="LUFA SPI Driver - AVR8">
				<device-support-alias value="lufa_avr8"/>

				<build type="doxygen-entry-point" value="Group_SPI"/>

				<require idref="lufa.common"/>

				<build type="header-file" value="Drivers/Peripheral/AVR8/SPI_AVR8.h"/>
				<build type="include-path" value=".."/>
				<build type="header-file" subtype="api" value="Drivers/Peripheral/SPI.h"/>
			</module>

			<module type="driver" id="lufa.drivers.peripheral.spi#xmega" caption="LUFA SPI Driver - XMEGA">
				<device-support-alias value="lufa_xmega"/>

				<build type="doxygen-entry-point" value="Group_SPI"/>

				<require idref="lufa.common"/>

				<build type="header-file" value="Drivers/Peripheral/XMEGA/SPI_XMEGA.h"/>
				<build type="include-path" value=".."/>
				<build type="header-file" subtype="api" value="Drivers/Peripheral/SPI.h"/>
			</module>

			<module type="driver" id="lufa.drivers.peripheral.spi#uc3" caption="LUFA SPI Driver - UC3">
				<device-support-alias value="lufa_uc3"/>

				<build type="doxygen-entry-point" value="Group_SPI"/>

				<require idref="lufa.common"/>

				<info type="gui-flag" value="hidden"/>
			</module>
		</select-by-device>

		<select-by-device id="lufa.drivers.peripheral.usart_spi" caption="LUFA USART SPI Driver">
			<module type="driver" id="lufa.drivers.peripheral.usart_spi#avr8" caption="LUFA USART SPI Driver - AVR8">
				<device-support-alias value="lufa_avr8"/>

				<build type="doxygen-entry-point" value="Group_SerialSPI"/>

				<require idref="lufa.common"/>

				<build type="header-file" value="Drivers/Peripheral/AVR8/SerialSPI_AVR8.h"/>
				<build type="include-path" value=".."/>
				<build type="header-file" subtype="api"  value="Drivers/Peripheral/SerialSPI.h"/>
			</module>

			<module type="driver" id="lufa.drivers.peripheral.usart_spi#xmega" caption="LUFA USART SPI Driver - XMEGA">
				<device-support-alias value="lufa_xmega"/>

				<build type="doxygen-entry-point" value="Group_SerialSPI"/>

				<require idref="lufa.common"/>

				<build type="header-file" value="Drivers/Peripheral/XMEGA/SerialSPI_XMEGA.h"/>
				<build type="include-path" value=".."/>
				<build type="header-file" subtype="api" value="Drivers/Peripheral/SerialSPI.h"/>
			</module>

			<module type="driver" id="lufa.drivers.peripheral.usart_spi#uc3" caption="LUFA USART SPI Driver - UC3">
				<device-support-alias value="lufa_uc3"/>

				<build type="doxygen-entry-point" value="Group_SerialSPI"/>

				<require idref="lufa.common"/>

				<info type="gui-flag" value="hidden"/>
			</module>
		</select-by-device>

		<select-by-device id="lufa.drivers.peripheral.twi" caption="LUFA TWI Master Driver">
			<module type="driver" id="lufa.drivers.peripheral.twi#avr8" caption="LUFA TWI Master Driver - AVR8">
				<device-support-alias value="lufa_avr8"/>

				<build type="doxygen-entry-point" value="Group_TWI"/>

				<require idref="lufa.common"/>

				<build type="c-source" value="Drivers/Peripheral/AVR8/TWI_AVR8.c"/>
				<build type="header-file" value="Drivers/Peripheral/AVR8/TWI_AVR8.h"/>
				<build type="include-path" value=".."/>
				<build type="header-file" subtype="api" value="Drivers/Peripheral/TWI.h"/>
			</module>

			<module type="driver" id="lufa.drivers.peripheral.twi#xmega" caption="LUFA TWI Master Driver - XMEGA">
				<device-support-alias value="lufa_xmega"/>

				<build type="doxygen-entry-point" value="Group_TWI"/>

				<require idref="lufa.common"/>

				<build type="c-source" value="Drivers/Peripheral/XMEGA/TWI_XMEGA.c"/>
				<build type="header-file" value="Drivers/Peripheral/XMEGA/TWI_XMEGA.h"/>
				<build type="include-path" value=".."/>
				<build type="header-file" subtype="api" value="Drivers/Peripheral/TWI.h"/>
			</module>

			<module type="driver" id="lufa.drivers.peripheral.twi#uc3" caption="LUFA TWI Master Driver - UC3">
				<device-support-alias value="lufa_uc3"/>

				<build type="doxygen-entry-point" value="Group_TWI"/>

				<require idref="lufa.common"/>

				<info type="gui-flag" value="hidden"/>
			</module>
		</select-by-device>

		<select-by-device id="lufa.drivers.peripheral.adc" caption="LUFA ADC Driver">
			<module type="driver" id="lufa.drivers.peripheral.adc#avr8" caption="LUFA ADC Driver - AVR8">
				<device-support-alias value="lufa_avr8"/>

				<build type="doxygen-entry-point" value="Group_ADC"/>

				<require idref="lufa.common"/>

				<build type="header-file" value="Drivers/Peripheral/AVR8/ADC_AVR8.h"/>
				<build type="include-path" value=".."/>
				<build type="header-file" subtype="api" value="Drivers/Peripheral/ADC.h"/>
			</module>

			<module type="driver" id="lufa.drivers.peripheral.adc#xmega" caption="LUFA ADC Driver - XMEGA">
				<device-support-alias value="lufa_xmega"/>

				<build type="doxygen-entry-point" value="Group_ADC"/>

				<require idref="lufa.common"/>

				<info type="gui-flag" value="hidden"/>
			</module>

			<module type="driver" id="lufa.drivers.peripheral.adc#uc3" caption="LUFA ADC Driver - UC3">
				<device-support-alias value="lufa_uc3"/>

				<build type="doxygen-entry-point" value="Group_ADC"/>

				<require idref="lufa.common"/>

				<info type="gui-flag" value="hidden"/>
			</module>
		</select-by-device>
	</asf>
</lufa>
