<!--
             LUFA Library
     Copyright (C) Dean Camera, 2019.

  dean [at] fourwalledcubicle [dot] com
           www.lufa-lib.org
-->

<!-- Atmel Studio framework integration file -->

<lufa>
	<asf>
		<select-by-config id="lufa.drivers.usb.class.hid" name="lufa.drivers.usb.class.hid.mode" default="host_device" caption="LUFA USB Class Driver - HID">
			<build type="doxygen-entry-point" value="Group_USBClassHID"/>

			<info type="gui-flag" value="hidden"/>

			<module type="service" id="lufa.drivers.usb.class.hid#host_device" caption="LUFA USB Class Driver - HID (Host/Device)">
				<info type="description" value="summary">
					Common definitions and Host/Device mode implementations of the HID USB class.
				</info>

				<build type="doxygen-entry-point" value="Group_USBClassHID"/>

				<info type="gui-flag" value="hidden"/>

				<device-support-alias value="lufa_avr8"/>
				<device-support-alias value="lufa_xmega"/>
				<device-support-alias value="lufa_uc3"/>

				<build type="header-file" value="Drivers/USB/Class/HIDClass.h"/>
				<build type="header-file" value="Drivers/USB/Class/Common/HIDClassCommon.h"/>
				<build type="header-file" value="Drivers/USB/Class/Device/HIDClassDevice.h"/>
				<build type="c-source"    value="Drivers/USB/Class/Device/HIDClassDevice.c"/>
				<build type="header-file" value="Drivers/USB/Class/Host/HIDClassHost.h"/>
				<build type="c-source"    value="Drivers/USB/Class/Host/HIDClassHost.c"/>
			</module>

			<module type="service" id="lufa.drivers.usb.class.hid#host" caption="LUFA USB Class Driver - HID (Host)">
				<info type="description" value="summary">
					Common definitions and Host mode implementation of the HID USB class.
				</info>

				<build type="doxygen-entry-point" value="Group_USBClassHID"/>

				<info type="gui-flag" value="hidden"/>

				<device-support-alias value="lufa_avr8"/>
				<device-support-alias value="lufa_xmega"/>
				<device-support-alias value="lufa_uc3"/>

				<build type="header-file" value="Drivers/USB/Class/HIDClass.h"/>
				<build type="header-file" value="Drivers/USB/Class/Common/HIDClassCommon.h"/>
				<build type="header-file" value="Drivers/USB/Class/Device/HIDClassDevice.h"/>
				<build type="header-file" value="Drivers/USB/Class/Host/HIDClassHost.h"/>
				<build type="c-source"    value="Drivers/USB/Class/Host/HIDClassHost.c"/>
			</module>

			<module type="service" id="lufa.drivers.usb.class.hid#device" caption="LUFA USB Class Driver - HID (Device)">
				<info type="description" value="summary">
					Common definitions and Device mode implementation of the HID USB class.
				</info>

				<build type="doxygen-entry-point" value="Group_USBClassHID"/>

				<info type="gui-flag" value="hidden"/>

				<device-support-alias value="lufa_avr8"/>
				<device-support-alias value="lufa_xmega"/>
				<device-support-alias value="lufa_uc3"/>

				<build type="header-file" value="Drivers/USB/Class/HIDClass.h"/>
				<build type="header-file" value="Drivers/USB/Class/Common/HIDClassCommon.h"/>
				<build type="header-file" value="Drivers/USB/Class/Device/HIDClassDevice.h"/>
				<build type="c-source"    value="Drivers/USB/Class/Device/HIDClassDevice.c"/>
				<build type="header-file" value="Drivers/USB/Class/Host/HIDClassHost.h"/>
			</module>

			<module type="service" id="lufa.drivers.usb.class.hid#definitions_only" caption="LUFA USB Class Driver - HID (Definitions Only)">
				<info type="description" value="summary">
					Common definitions only (no implementations) of the HID USB class.
				</info>

				<build type="doxygen-entry-point" value="Group_USBClassHID"/>

				<info type="gui-flag" value="hidden"/>

				<device-support-alias value="lufa_avr8"/>
				<device-support-alias value="lufa_xmega"/>
				<device-support-alias value="lufa_uc3"/>

				<build type="header-file" value="Drivers/USB/Class/HIDClass.h"/>
				<build type="header-file" value="Drivers/USB/Class/Common/HIDClassCommon.h"/>
				<build type="header-file" value="Drivers/USB/Class/Device/HIDClassDevice.h"/>
				<build type="header-file" value="Drivers/USB/Class/Host/HIDClassHost.h"/>
			</module>
		</select-by-config>
	</asf>
</lufa>
