<!--
             LUFA Library
     Copyright (C) Dean Camera, 2019.

  dean [at] fourwalledcubicle [dot] com
           www.lufa-lib.org
-->

<!-- Atmel Studio framework integration file -->

<lufa>
	<asf>
		<select-by-config id="lufa.drivers.usb.class.android" name="lufa.drivers.usb.class.android.mode" default="host" caption="LUFA USB Class Driver - Android Accessory">
			<build type="doxygen-entry-point" value="Group_USBClassAOA"/>

			<module type="service" id="lufa.drivers.usb.class.android#host" caption="LUFA USB Class Driver - Android Accessory (Host)">
				<info type="description" value="summary">
					Common definitions and Host mode implementation of the Android Open Accessory USB class.
				</info>

				<build type="doxygen-entry-point" value="Group_USBClassAOA"/>

				<info type="gui-flag" value="hidden"/>

				<device-support-alias value="lufa_avr8"/>
				<device-support-alias value="lufa_xmega"/>
				<device-support-alias value="lufa_uc3"/>

				<build type="header-file" value="Drivers/USB/Class/AndroidAccessoryClass.h"/>
				<build type="header-file" value="Drivers/USB/Class/Common/AndroidAccessoryClassCommon.h"/>
				<build type="header-file" value="Drivers/USB/Class/Host/AndroidAccessoryClassHost.h"/>
				<build type="c-source"    value="Drivers/USB/Class/Host/AndroidAccessoryClassHost.c"/>
			</module>

			<module type="service" id="lufa.drivers.usb.class.android#definitions_only" caption="LUFA USB Class Driver - Android Accessory (Definitions Only)">
				<info type="description" value="summary">
					Common definitions only (no implementations) of the Android Open Accessory USB class.
				</info>

				<build type="doxygen-entry-point" value="Group_USBClassAOA"/>

				<info type="gui-flag" value="hidden"/>

				<device-support-alias value="lufa_avr8"/>
				<device-support-alias value="lufa_xmega"/>
				<device-support-alias value="lufa_uc3"/>

				<build type="header-file" value="Drivers/USB/Class/AndroidAccessoryClass.h"/>
				<build type="header-file" value="Drivers/USB/Class/Common/AndroidAccessoryClassCommon.h"/>
				<build type="header-file" value="Drivers/USB/Class/Host/AndroidAccessoryClassHost.h"/>
			</module>
		</select-by-config>
	</asf>
</lufa>
