<asf xmlversion="1.0">
	<project caption="RNDIS Webserver" id="lufa.projects.webserver.avr8">
		<require idref="lufa.projects.webserver"/>
		<require idref="lufa.boards.dummy.avr8"/>
		<generator value="as5_8"/>

		<device-support value="at90usb1287"/>
		<config name="lufa.drivers.board.name" value="usbkey"/>

		<build type="define" name="F_CPU" value="8000000UL"/>
		<build type="define" name="F_USB" value="8000000UL"/>
	</project>

	<module type="application" id="lufa.projects.webserver" caption="RNDIS Webserver">
		<info type="description" value="summary">
		RNDIS Webserver project, using the open source uIP network stack.
		</info>

 		<info type="gui-flag" value="move-to-root"/>

		<info type="keyword" value="Technology">
			<keyword value="Class Driver APIs"/>
			<keyword value="USB Dual Role"/>
			<keyword value="RNDIS Class"/>
			<keyword value="Mass Storage Class"/>
		</info>

		<device-support-alias value="lufa_avr8"/>
		<device-support-alias value="lufa_xmega"/>
		<device-support-alias value="lufa_uc3"/>

		<build type="distribute" subtype="user-file" value="doxyfile"/>
		<build type="distribute" subtype="user-file" value="Webserver.txt"/>
		<build type="distribute" subtype="user-file" value="LUFA Webserver RNDIS.inf"/>

		<build type="c-source" value="Webserver.c"/>
		<build type="c-source" value="USBDeviceMode.c"/>
		<build type="c-source" value="USBHostMode.c"/>
		<build type="c-source" value="Descriptors.c"/>
		<build type="header-file" value="Webserver.h"/>
		<build type="header-file" value="USBDeviceMode.h"/>
		<build type="header-file" value="USBHostMode.h"/>
		<build type="header-file" value="Descriptors.h"/>

		<build type="c-source" value="Lib/DataflashManager.c"/>
		<build type="header-file" value="Lib/DataflashManager.h"/>
		<build type="c-source" value="Lib/DHCPClientApp.c"/>
		<build type="header-file" value="Lib/DHCPClientApp.h"/>
		<build type="c-source" value="Lib/DHCPCommon.c"/>
		<build type="header-file" value="Lib/DHCPCommon.h"/>
		<build type="c-source" value="Lib/DHCPServerApp.c"/>
		<build type="header-file" value="Lib/DHCPServerApp.h"/>
		<build type="c-source" value="Lib/HTTPServerApp.c"/>
		<build type="header-file" value="Lib/HTTPServerApp.h"/>
		<build type="c-source" value="Lib/SCSI.c"/>
		<build type="header-file" value="Lib/SCSI.h"/>
		<build type="c-source" value="Lib/TELNETServerApp.c"/>
		<build type="header-file" value="Lib/TELNETServerApp.h"/>
		<build type="c-source" value="Lib/uIPManagement.c"/>
		<build type="header-file" value="Lib/uIPManagement.h"/>

		<build type="include-path" value="Lib/FATFs/"/>
		<build type="c-source" value="Lib/FATFs/ff.c"/>
		<build type="header-file" value="Lib/FATFs/ff.h"/>
		<build type="c-source" value="Lib/FATFs/diskio.c"/>
		<build type="header-file" value="Lib/FATFs/diskio.h"/>
		<build type="header-file" value="Lib/FATFs/ffconf.h"/>
		<build type="header-file" value="Lib/FATFs/integer.h"/>

		<build type="include-path" value="Lib/uip/"/>
		<build type="c-source" value="Lib/uip/clock.c"/>
		<build type="header-file" value="Lib/uip/clock.h"/>
		<build type="c-source" value="Lib/uip/timer.c"/>
		<build type="header-file" value="Lib/uip/timer.h"/>
		<build type="c-source" value="Lib/uip/uip.c"/>
		<build type="header-file" value="Lib/uip/uip.h"/>
		<build type="c-source" value="Lib/uip/uip_arp.c"/>
		<build type="header-file" value="Lib/uip/uip_arp.h"/>
		<build type="c-source" value="Lib/uip/uip-split.c"/>
		<build type="header-file" value="Lib/uip/uip-split.h"/>
		<build type="header-file" value="Lib/uip/uipopt.h"/>

		<build type="module-config" subtype="path" value="Config"/>
		<build type="module-config" subtype="required-header-file" value="AppConfig.h"/>
		<build type="header-file" value="Config/AppConfig.h"/>
		<build type="header-file" value="Config/LUFAConfig.h"/>

		<require idref="lufa.common"/>
		<require idref="lufa.platform"/>
		<require idref="lufa.drivers.usb"/>
		<require idref="lufa.drivers.board"/>
		<require idref="lufa.drivers.board.leds"/>
		<require idref="lufa.drivers.board.dataflash"/>
		<require idref="lufa.drivers.peripheral.spi"/>
	</module>
</asf>
