<asf xmlversion="1.0">
	<project caption="USB to Serial Converter" id="lufa.projects.usb_to_serial.avr8">
		<require idref="lufa.projects.usb_to_serial"/>
		<require idref="lufa.boards.dummy.avr8"/>
		<generator value="as5_8"/>

		<device-support value="at90usb1287"/>
		<config name="lufa.drivers.board.name" value="usbkey"/>

		<build type="define" name="F_CPU" value="8000000UL"/>
		<build type="define" name="F_USB" value="8000000UL"/>
	</project>

	<module type="application" id="lufa.projects.usb_to_serial" caption="USB to Serial Converter">
		<info type="description" value="summary">
		USB to Serial USART converter project.
		</info>

 		<info type="gui-flag" value="move-to-root"/>

		<info type="keyword" value="Technology">
			<keyword value="Class Driver APIs"/>
			<keyword value="USB Device"/>
			<keyword value="CDC Class"/>
		</info>

		<device-support-alias value="lufa_avr8"/>
		<device-support-alias value="lufa_xmega"/>
		<device-support-alias value="lufa_uc3"/>

		<build type="distribute" subtype="user-file" value="doxyfile"/>
		<build type="distribute" subtype="user-file" value="USBtoSerial.txt"/>
		<build type="distribute" subtype="user-file" value="LUFA USBtoSerial.inf"/>

		<build type="c-source" value="USBtoSerial.c"/>
		<build type="c-source" value="Descriptors.c"/>
		<build type="header-file" value="USBtoSerial.h"/>
		<build type="header-file" value="Descriptors.h"/>

		<build type="module-config" subtype="path" value="Config"/>
		<build type="header-file" value="Config/LUFAConfig.h"/>

		<require idref="lufa.common"/>
		<require idref="lufa.platform"/>
		<require idref="lufa.drivers.peripheral.usart"/>
		<require idref="lufa.drivers.usb"/>
		<require idref="lufa.drivers.board"/>
		<require idref="lufa.drivers.board.leds"/>
		<require idref="lufa.drivers.misc.ringbuffer"/>
	</module>
</asf>
